<?xml version="1.0" encoding="iso-8859-1"?>
<IsTransformable 
    xmlns="http://schemas.opengis.net/wcts" 
    xmlns:xsi="http://www.w3.org/2001/XMLSchema-instance" 
    xmlns:gml="http://www.opengis.net/gml" 
    xsi:schemaLocation="http://schemas.opengis.net/wcts/IsTransformableRequest.xsd"> 
    <SourceCRS> 
         <crsID> 
              <gml:code>4326</gml:code> 
              <gml:codeSpace>EPSG</gml:codeSpace> 
         </crsID> 
    </SourceCRS> 
    <TargetCRS> 
         <crsID> 
              <gml:code>23032</gml:code> 
              <gml:codeSpace>EPSG</gml:codeSpace> 
         </crsID> 
     </TargetCRS> 
</IsTransformable> 
 
