<?xml version="1.0" encoding="iso-8859-1"?>
<Transform xmlns="http://schemas.opengis.net/wcts" xmlns:xsi="http://www.w3.org/2001/XMLSchema-instance" xmlns:gml="http://www.opengis.net/gml" version="0.1.0">
  <SourceCRS>
    <crsID>
      <gml:code>4326</gml:code>
      <gml:codeSpace>EPSG</gml:codeSpace>
    </crsID>
  </SourceCRS>
  <TargetCRS>
    <crsID>
      <gml:code>32611</gml:code>
      <gml:codeSpace>EPSG</gml:codeSpace>
    </crsID>
  </TargetCRS>
  <Data>
    <gml:featureCollection xmlns:gml="http://www.opengis.net/gml">
      <gml:boundedBy>
        <gml:Box>
          <gml:coord>
            <gml:X>-115.467123</gml:X>
            <gml:Y>16.743654</gml:Y>
          </gml:coord>
          <gml:coord>
            <gml:X>-88.291157</gml:X>
            <gml:Y>32.654688</gml:Y>
          </gml:coord>
        </gml:Box>
      </gml:boundedBy>
      <gml:featureMember>
        <mx_caps fid="0">
          <Capital>Aguascalientes</Capital>
          <State_Name>AGUASCALIENTES</State_Name>
          <gml:geometryProperty>
            <gml:Point>
              <gml:coordinates>-102.28969800,21.88751600</gml:coordinates>
            </gml:Point>
          </gml:geometryProperty>
        </mx_caps>
      </gml:featureMember>
    </gml:featureCollection>
  </Data>
</Transform>
